id,name,country,country_code,abbreviation,gender,pro_year,handedness,highest_singles_ranking,highest_doubles_ranking,weight,height,date_of_birth,highest_singles_ranking_date,highest_doubles_ranking_date,Clothing,Shoes,Racket,Sleeve/Shirt/Cap
sr:competitor:90798,"Halys, Quentin",France,FRA,HAL,male,2012.0,right,61.0,129.0,78.0,191.0,1996-10-26,1.2023,10.2022,,,,
sr:competitor:132558,"Kolar, Zdenek",Czechia,CZE,KOL,male,2014.0,right,111.0,110.0,76.0,185.0,1996-10-09,6.2022,8.2022,,,,
sr:competitor:45258,"de Loore, Joris",Belgium,BEL,DE,male,2011.0,right,142.0,263.0,86.0,191.0,1993-04-21,11.2023,12.2018,,,,
sr:competitor:619900,"Gigante, Matteo",Italy,ITA,GIG,male,,,132.0,334.0,,,2002-01-04,6.2024,2.2023,,,,
sr:competitor:450477,"Nardi, Luca",Italy,ITA,NAR,male,,right,70.0,299.0,,,2003-08-06,5.2024,4.2023,,,,
sr:competitor:49172,"Dzumhur, Damir",Bosnia & Herzegovina,BIH,DZU,male,2011.0,right,23.0,117.0,68.0,175.0,1992-05-20,7.2018,8.2018,,,,
sr:competitor:15789,"Cuevas, Pablo",Uruguay,URY,CUE,male,2004.0,right,19.0,14.0,80.0,180.0,1986-01-01,8.2016,4.2009,,,,
sr:competitor:44553,"Herbert, Pierre-Hugues",France,FRA,HER,male,2010.0,right,36.0,2.0,75.0,188.0,1991-03-18,2.2019,7.2016,,,,
sr:competitor:371448,"Llamas Ruiz, Pablo",Spain,ESP,LLA,male,,right,131.0,,,,2002-10-13,10.2023,,,,,
sr:competitor:25838,"Goffin, David",Belgium,BEL,GOF,male,2009.0,right,7.0,158.0,70.0,180.0,1990-12-07,11.2017,7.2019,,,,
sr:competitor:111837,"Harris, Billy",Great Britain,GBR,HAR,male,,right,101.0,265.0,,,1995-01-25,9.2024,2.2024,,,,
sr:competitor:284805,"Nava, Emilio",USA,USA,NAV,male,,right,124.0,187.0,,,2001-12-02,4.2024,10.2024,,,,
sr:competitor:276563,"Virtanen, Otto",Finland,FIN,VIR,male,,right,91.0,243.0,,,2001-06-21,11.2024,6.2023,,,,
sr:competitor:163996,"Wu, Tung-Lin",Chinese Taipei,TPE,TUN,male,,right,158.0,246.0,75.0,188.0,1998-05-12,4.2023,10.2022,,,,
sr:competitor:56017,"Ritschard, Alexander",Switzerland,CHE,RIT,male,,right,99.0,388.0,,,1994-03-24,9.2024,4.2022,,,,
sr:competitor:256875,"Tirante, Thiago Agustin",Argentina,ARG,TIR,male,,right,90.0,257.0,,,2001-04-10,4.2024,11.2021,,,,
sr:competitor:250231,"Shimizu, Yuta",Japan,JPN,SHI,male,,left,203.0,143.0,62.0,163.0,1999-06-09,7.2023,6.2023,,,,
sr:competitor:57021,"Kovalik, Jozef",Slovakia,SVK,KOV,male,2010.0,right,80.0,245.0,82.0,183.0,1992-11-04,10.2018,4.2018,Hydrogen*,Mizuno,Prince,
sr:competitor:16192,"Marchenko, Illya",Ukraine,UKR,MAR,male,2005.0,right,49.0,268.0,78.0,185.0,1987-09-08,9.2016,8.2014,,,,
sr:competitor:22218,"Paire, Benoit",France,FRA,PAI,male,2007.0,right,18.0,65.0,80.0,196.0,1989-05-08,1.2016,11.2021,Lacoste ? Celio,Babolat,Babolat,
sr:competitor:91240,"Peniston, Ryan",Great Britain,GBR,PEN,male,,left,123.0,384.0,,,1995-11-10,7.2022,6.2022,,,,
sr:competitor:38183,"Bagnis, Facundo",Argentina,ARG,BAG,male,2008.0,left,55.0,78.0,82.0,183.0,1990-02-27,11.2016,9.2013,Joma,Joma,Babolat,
sr:competitor:258735,"Cerundolo, Juan Manuel",Argentina,ARG,CER,male,,left,79.0,376.0,,,2001-11-15,1.2022,2.202,Fila,Fila,Head,
sr:competitor:54733,"Bonadio, Riccardo",Italy,ITA,BON,male,,right,164.0,278.0,81.0,180.0,1993-07-13,5.2023,3.2022,,,,
sr:competitor:42152,"Napolitano, Stefano",Italy,ITA,NAP,male,2012.0,right,121.0,182.0,90.0,196.0,1995-04-11,6.2024,4.2017,,,,
sr:competitor:213170,"Blanchet, Ugo",France,FRA,BLA,male,,,139.0,354.0,,,1999-01-05,9.2024,10.2024,,,,
sr:competitor:76515,"Gakhov, Ivan",Neutral,,GAK,male,,left,142.0,170.0,80.0,191.0,1996-11-04,6.2023,9.2018,,,,
sr:competitor:722429,"Prizmic, Dino",Croatia,HRV,PRI,male,,right,155.0,,,,2005-08-05,10.2023,,,,,
sr:competitor:38517,"Trungelliti, Marco",Argentina,ARG,TRU,male,2008.0,right,112.0,174.0,78.0,180.0,1990-01-31,3.2019,4.2013,,,,
sr:competitor:819556,"Jones, Hayden",Australia,AUS,JON,male,,,,,,,2006-08-30,,,,,,
sr:competitor:48599,"Schwartzman, Diego",Argentina,ARG,SWM,male,2010.0,right,8.0,39.0,64.0,170.0,1992-08-16,10.202,1.202,Fila,Fila,Head,Disney+ | Midea
sr:competitor:123694,"Brancaccio, Raul",Italy,ITA,BRA,male,,right,121.0,252.0,72.0,185.0,1997-05-04,2.2023,9.2022,,,,
sr:competitor:131442,"Mmoh, Michael",USA,USA,MMO,male,2016.0,right,81.0,265.0,90.0,188.0,1998-01-10,9.2023,4.2021,Adidas,Adidas,Yonex ? Dunlop,
sr:competitor:829282,"Blockx, Alexander",Belgium,BEL,BLO,male,,right,205.0,,,,2005-04-08,11.2024,,,,,
sr:competitor:355752,"Svrcina, Dalibor",Czechia,CZE,SVR,male,,right,154.0,276.0,,,2002-10-02,10.2023,10.2023,,,,
sr:competitor:428657,"Shelbayh, Abdullah",Jordan,JOR,SHE,male,,left,181.0,182.0,,,2003-11-16,1.2024,9.2024,Adidas,Adidas,Head ? Yonex,
sr:competitor:601146,"Medjedovic, Hamad",Serbia,SRB,MED,male,,right,102.0,,,,2003-07-18,10.2023,,EA7,Asics,Babolat,4XC
sr:competitor:81271,"Hemery, Calvin",France,FRA,HEM,male,2013.0,right,116.0,252.0,80.0,193.0,1995-01-28,4.2018,12.2018,,,,
sr:competitor:505466,"Sekulic, Philip",Australia,AUS,SEK,male,,right,225.0,,,,2003-09-05,7.2024,,,,,
sr:competitor:240876,"Crawford, Oliver",Great Britain,GBR,CRA,male,,right,190.0,316.0,,,1999-04-30,1.2024,9.2024,,,,
sr:competitor:77223,"Martinez, Pedro",Spain,ESP,MAR,male,2016.0,right,39.0,51.0,76.0,185.0,1997-04-26,10.2024,5.2022,,,,
sr:competitor:66002,"Lokoli, Laurent",France,FRA,LOK,male,2014.0,right,167.0,371.0,,,1994-10-18,2.2023,11.2014,,,,
sr:competitor:105607,"Choinski, Jan",Great Britain,GBR,CHO,male,2016.0,right,126.0,,80.0,196.0,1996-06-10,8.2023,,,,,
sr:competitor:399637,"Cobolli, Flavio",Italy,ITA,COB,male,,right,30.0,238.0,,,2002-05-06,9.2024,9.2024,Lotto ? On,Lotto ? On,Head,Volvo | Rexona
sr:competitor:321667,"Mayot, Harold",France,FRA,MAY,male,,right,103.0,255.0,,,2002-02-04,10.2024,9.2024,,,,
sr:competitor:93597,"Pellegrino, Andrea",Italy,ITA,PEL,male,,right,136.0,81.0,75.0,185.0,1997-03-23,9.2022,1.2024,,,,
sr:competitor:57289,"Dellien, Hugo",Bolivia,BOL,DEL,male,2009.0,right,64.0,185.0,75.0,180.0,1993-06-16,8.2022,2.2015,Joma ? Lotto,Joma ? Lotto,Babolat,
sr:competitor:763108,"Mensik, Jakub",Czechia,CZE,MEN,male,,right,48.0,402.0,,,2005-09-01,10.2024,6.2023,,,,
sr:competitor:185434,"Rodriguez Taverna, Santiago",Argentina,ARG,ROD,male,,right,157.0,144.0,,,1999-07-16,8.2022,4.2024,,,,
sr:competitor:223874,"Gaston, Hugo",France,FRA,GAS,male,,left,58.0,220.0,,,2000-09-26,7.2022,5.2022,,,,
sr:competitor:141882,"Blancaneaux, Geoffrey",France,FRA,BLA,male,2016.0,right,134.0,164.0,68.0,178.0,1998-08-08,11.2022,7.2022,,,,
sr:competitor:530317,"Rincon, Daniel",Spain,ESP,RIN,male,,,181.0,148.0,,,2003-01-07,12.2023,9.2024,,,,
sr:competitor:16833,"Giannessi, Alessandro",Italy,ITA,GIA,male,2008.0,left,84.0,171.0,82.0,185.0,1990-05-30,7.2017,10.2013,,,,
sr:competitor:145130,"Molcan, Alex",Slovakia,SVK,MOL,male,,left,38.0,268.0,73.0,178.0,1997-12-01,5.2022,6.2021,,,,
sr:competitor:65606,"Agamenone, Franco",Italy,ITA,AGA,male,,right,108.0,167.0,85.0,191.0,1993-04-15,8.2022,10.2018,,,,
sr:competitor:74441,"Couacaud, Enzo",France,FRA,COU,male,2014.0,right,151.0,188.0,69.0,181.0,1995-03-01,7.2023,3.2021,,,,
sr:competitor:286541,"Zhukayev, Beibit",Kazakhstan,KAZ,ZHU,male,,right,171.0,327.0,,,2000-10-12,5.2024,10.2022,,,,
sr:competitor:220588,"Hsu, Yu Hsiou",Chinese Taipei,TPE,HSU,male,,right,158.0,149.0,,,1999-04-02,10.2023,7.2022,,,,
sr:competitor:113905,"Moreno de Alboran, Nicolas",USA,USA,MAN,male,,right,109.0,311.0,,,1997-07-14,11.2024,11.2024,,,,
sr:competitor:405977,"Schoolkate, Tristan",Australia,AUS,SCH,male,,right,167.0,133.0,,,2001-02-26,9.2024,10.2024,,,,
sr:competitor:801386,"Lajal, Mark",Estonia,EST,LAJ,male,,right,191.0,,,,2003-05-12,11.2023,,,,,
sr:competitor:132834,"Barrios Vera, Marcelo Tomas",Chile,CHL,BAR,male,2014.0,right,93.0,217.0,83.0,191.0,1997-12-10,1.2024,2.2022,,,,
sr:competitor:50847,"Yevseyev, Denis",Kazakhstan,KAZ,YEV,male,,right,153.0,247.0,,,1993-05-22,7.2024,7.2021,,,,
sr:competitor:188321,"Kovacevic, Aleksandar",USA,USA,KOV,male,,right,72.0,254.0,,,1998-08-29,9.2024,4.2023,,,,
sr:competitor:248779,"Misolic, Filip",Austria,AUT,MIS,male,,right,126.0,,,,2001-08-08,4.2023,,,,,
sr:competitor:55067,"Marie, Jules",France,FRA,MAR,male,2011.0,right,203.0,,75.0,185.0,1991-09-01,3.2024,,,,,
sr:competitor:211038,"Valkusz, Mate",Hungary,HUN,VAL,male,,right,204.0,,75.0,183.0,1998-08-13,6.2023,,,,,
sr:competitor:399633,"Atmane, Terence",France,FRA,ATM,male,,left,118.0,,,,2002-01-09,7.2024,,,,,
sr:competitor:472975,"Bellucci, Mattia",Italy,ITA,BEL,male,,left,100.0,321.0,,,2001-06-01,11.2024,6.2024,,,,
sr:competitor:54955,"Coppejans, Kimmer",Belgium,BEL,COP,male,2014.0,right,97.0,235.0,68.0,180.0,1994-02-07,6.2015,3.2021,,,,
sr:competitor:231192,"Molleker, Rudolf",Germany,DEU,MOL,male,2017.0,right,146.0,376.0,75.0,185.0,2000-10-26,7.2019,3.2022,,,,
sr:competitor:36595,"Kudla, Denis",USA,USA,KUD,male,2010.0,right,53.0,133.0,79.0,180.0,1992-08-17,5.2016,8.2018,,,,
sr:competitor:172482,"Dougaz, Aziz",Tunisia,TUN,DOU,male,,left,192.0,261.0,80.0,188.0,1997-03-26,10.2024,12.2019,,,,
sr:competitor:23664,"Gaio, Federico",Italy,ITA,GAI,male,2009.0,right,124.0,163.0,84.0,180.0,1992-03-05,2.202,11.202,,,,
sr:competitor:121668,"Meligeni Alves, Felipe",Brazil,BRA,MEL,male,,right,128.0,75.0,,,1998-02-19,4.2024,6.2022,,,,
sr:competitor:226132,"Ajdukovic, Duje",Croatia,HRV,AJD,male,,right,105.0,491.0,,,2001-02-05,9.2024,11.2021,,,,
sr:competitor:353530,"Passaro, Francesco",Italy,ITA,PAS,male,,right,106.0,256.0,,,2001-01-07,9.2024,2.2023,,,,
sr:competitor:51100,"Roca Batalla, Oriol",Spain,ESP,ROC,male,,right,150.0,128.0,75.0,173.0,1993-04-30,8.2024,10.2023,,,,
sr:competitor:79467,"Jasika, Omar",Australia,AUS,JAS,male,2014.0,left,178.0,220.0,60.0,183.0,1997-05-18,11.2024,5.2016,,,,
sr:competitor:382058,"Jacquet, Kyrian",France,FRA,JAC,male,,right,180.0,239.0,,,2001-05-11,9.2024,8.2022,,,,
sr:competitor:671229,"Winter, Edward",Australia,AUS,WIN,male,,right,,275.0,,,2004-09-15,,1.2024,,,,
sr:competitor:450283,"Mpetshi Perricard, Giovanni",France,FRA,MPE,male,,right,30.0,353.0,,,2003-07-08,11.2024,8.2024,Nike,Nike,Babolat,
sr:competitor:107357,"Grenier, Hugo",France,FRA,GRE,male,,right,95.0,362.0,85.0,196.0,1996-03-23,9.2022,2.2022,,,,
sr:competitor:95801,"Vavassori, Andrea",Italy,ITA,VAV,male,,right,128.0,6.0,78.0,193.0,1995-05-05,6.2023,10.2024,,,,
sr:competitor:163636,"Klein, Lukas",Slovakia,SVK,KLE,male,,right,109.0,240.0,85.0,193.0,1998-03-22,8.2024,4.2021,,,,
sr:competitor:287541,"Sweeny, Dane",Australia,AUS,SWE,male,,right,194.0,160.0,,,2001-02-12,2.2024,11.2022,,,,
sr:competitor:310974,"De Jong, Jesper",Netherlands,NLD,DEJ,male,,right,103.0,135.0,,,2000-05-31,8.2024,5.2022,,,,
sr:competitor:505550,"Arnaldi, Matteo",Italy,ITA,ARN,male,,right,30.0,286.0,,,2001-02-22,8.2024,8.2022,Le Coq Sportif,Asics,Head,FCMA Group | Polase
sr:competitor:371436,"Shevchenko, Alexander",Kazakhstan,KAZ,SHE,male,,right,45.0,406.0,,,2000-11-29,2.2024,2.2023,Adidas ? Mizuno,Adidas ? Mizuno,Babolat,
sr:competitor:225050,"Sinner, Jannik",Italy,ITA,SIN,male,2018.0,right,1.0,124.0,68.0,191.0,2001-08-16,6.2024,9.2021,Nike,Nike,Head,
sr:competitor:218538,"Kotov, Pavel",Neutral,,KOT,male,,right,50.0,226.0,86.0,191.0,1998-11-18,6.2024,11.2021,Lotto,Lotto,Head,
sr:competitor:254383,"Marozsan, Fabian",Hungary,HUN,MAR,male,,right,36.0,444.0,,,1999-10-08,5.2024,1.2023,DRK ? Joma,Lotto* ? Joma,Babolat,
sr:competitor:161262,"Seyboth Wild, Thiago",Brazil,BRA,SEY,male,2018.0,right,58.0,197.0,77.0,183.0,2000-03-10,5.2024,5.2023,,,,
sr:competitor:300540,"Machac, Tomas",Czechia,CZE,MAC,male,,right,25.0,46.0,,,2000-10-13,10.2024,9.2024,,,,
sr:competitor:58221,"O'Connell, Christopher",Australia,AUS,OCO,male,2013.0,right,53.0,460.0,78.0,183.0,1994-06-03,9.2023,3.2022,,,,
sr:competitor:234048,"Wolf, Jeffrey John",USA,USA,WOL,male,,right,39.0,,79.0,183.0,1998-12-21,2.2023,,,,,
sr:competitor:136042,"Fritz, Taylor",USA,USA,FRI,male,2015.0,right,4.0,104.0,86.0,193.0,1997-10-28,11.2024,7.2021,Nike ? Hugo Boss,Nike ? Asics,Head,Motorola | Chipotle
sr:competitor:92074,"Galan, Daniel Elahi",Colombia,COL,GAL,male,2015.0,right,56.0,305.0,72.0,191.0,1996-06-18,7.2023,2.2018,,,,
sr:competitor:14882,"Djokovic, Novak",Serbia,SRB,DJO,male,2003.0,right,1.0,114.0,77.0,188.0,1987-05-22,7.2011,11.2009,Lacoste,Asics,Head,Own logo | Waterdrop
sr:competitor:101101,"Tiafoe, Frances",USA,USA,TIA,male,2015.0,right,10.0,160.0,86.0,188.0,1998-01-20,6.2023,11.2021,,,,
sr:competitor:234046,"Kypson, Patrick",USA,USA,KYP,male,,right,133.0,,79.0,188.0,1999-10-28,4.2024,,,,,
sr:competitor:359602,"Musetti, Lorenzo",Italy,ITA,MUS,male,,right,15.0,142.0,75.0,183.0,2002-03-03,6.2023,4.2024,Nike,Nike,Head,
sr:competitor:51141,"Carballes Baena, Roberto",Spain,ESP,CAR,male,2011.0,right,49.0,127.0,77.0,183.0,1993-03-23,4.2023,3.202,,,,
sr:competitor:203681,"Korda, Sebastian",USA,USA,KOR,male,,right,15.0,57.0,,,2000-07-05,8.2024,5.2024,,,,
sr:competitor:16720,"Bautista Agut, Roberto",Spain,ESP,BAU,male,2005.0,right,9.0,169.0,75.0,183.0,1988-04-14,11.2019,3.2014,,,,
sr:competitor:62790,"Lestienne, Constant",France,FRA,LES,male,2012.0,right,48.0,250.0,72.0,180.0,1992-05-23,2.2023,6.2023,,,,
sr:competitor:128552,"Popyrin, Alexei",Australia,AUS,POP,male,2017.0,right,23.0,235.0,77.0,196.0,1999-08-05,8.2024,6.2022,Fila,Fila ? Adidas*,Head ? Dunlop,Vestwell | The Economist
sr:competitor:15894,"Mannarino, Adrian",France,FRA,MAN,male,2004.0,left,17.0,73.0,79.0,180.0,1988-06-29,1.2024,5.2016,Celio,Nike*,Babolat,
sr:competitor:39711,"Duckworth, James",Australia,AUS,DUC,male,2010.0,right,46.0,185.0,82.0,183.0,1992-01-21,1.2022,2.202,Australian,Adidas*,Babolat,
sr:competitor:112783,"Berrettini, Matteo",Italy,ITA,BER,male,2015.0,right,6.0,105.0,90.0,196.0,1996-04-12,1.2022,7.2019,Hugo Boss,Asics,Head,Red Bull | Illumia
sr:competitor:170946,"Bergs, Zizou",Belgium,BEL,BER,male,2017.0,right,61.0,265.0,83.0,185.0,1999-06-03,11.2024,11.2023,,,,
sr:competitor:117916,"Shapovalov, Denis",Canada,CAN,SHA,male,2017.0,left,10.0,44.0,75.0,183.0,1999-04-15,9.202,2.202,,,,
sr:competitor:127208,"Altmaier, Daniel",Germany,DEU,ALT,male,2014.0,right,47.0,300.0,79.0,188.0,1998-09-12,10.2023,1.2022,,,,
sr:competitor:124656,"Vukic, Aleksandar",Australia,AUS,VUK,male,,right,48.0,389.0,84.0,188.0,1996-04-06,8.2023,3.2022,Joma,Joma,Babolat,
sr:competitor:102151,"Tabilo, Alejandro",Chile,CHL,TAB,male,2015.0,left,19.0,110.0,75.0,188.0,1997-06-02,7.2024,11.2024,,,,
sr:competitor:75813,"Zhang, Zhizhen",China,CHN,ZHA,male,2012.0,right,31.0,47.0,87.0,193.0,1996-10-16,7.2024,7.2024,K-Swiss,K-Swiss,Head,7.5
sr:competitor:206879,"Eubanks, Christopher",USA,USA,EUB,male,2017.0,right,29.0,142.0,82.0,201.0,1996-05-05,7.2023,8.2024,,,,
sr:competitor:15126,"Murray, Andy",Great Britain,GBR,MUR,male,2005.0,right,1.0,51.0,82.0,191.0,1987-05-15,11.2016,10.2011,,,,
sr:competitor:47975,"Hanfmann, Yannick",Germany,DEU,HAN,male,2015.0,right,45.0,81.0,86.0,193.0,1991-11-13,7.2023,7.2024,Le Coq Sportif,Asics,Head,Fl sh
sr:competitor:185388,"Humbert, Ugo",France,FRA,HUM,male,2016.0,left,13.0,348.0,72.0,188.0,1998-06-26,4.2024,8.2024,,,,
sr:competitor:71660,"Marterer, Maximilian",Germany,DEU,MAR,male,2015.0,left,45.0,249.0,84.0,191.0,1995-06-15,8.2018,4.2019,Adidas,Adidas,Babolat,Dr. Heilbronner
sr:competitor:88992,"Muller, Alexandre",France,FRA,MUL,male,,right,68.0,264.0,73.0,180.0,1997-02-01,10.2024,11.2024,Adidas ? Joma,Adidas ?  Joma,Babolat,
sr:competitor:214182,"de Minaur, Alex",Australia,AUS,DE,male,2015.0,right,6.0,58.0,69.0,183.0,1999-02-17,7.2024,10.202,,,,
sr:competitor:130398,"Kecmanovic, Miomir",Serbia,SRB,KEC,male,2017.0,right,27.0,127.0,75.0,183.0,1999-08-31,1.2023,4.2023,Dunlop,Nike*,Dunlop,
sr:competitor:299130,"Hijikata, Rinky",Australia,AUS,HIJ,male,,right,62.0,23.0,,,2001-02-23,8.2024,10.2023,,,,
sr:competitor:195800,"Auger-Aliassime, Felix",Canada,CAN,AUG,male,2017.0,right,6.0,60.0,88.0,193.0,2000-08-08,11.2022,11.2021,Adidas,Adidas,Babolat,Renault
sr:competitor:95935,"Norrie, Cameron",Great Britain,GBR,NOR,male,2016.0,left,8.0,117.0,82.0,188.0,1995-08-23,9.2022,6.2022,K-Swiss,K-Swiss,Babolat,Rado | PGIM
sr:competitor:108565,"Zapata Miralles, Bernabe",Spain,ESP,ZAP,male,,right,37.0,404.0,83.0,183.0,1997-01-12,5.2023,8.2023,Lotto,Lotto,Head,
sr:competitor:675175,"McCabe, James",Australia,AUS,MCC,male,,right,258.0,302.0,,,2003-07-05,9.2023,7.2023,,,,
sr:competitor:124930,"Safiullin, Roman",Neutral,,SAF,male,2015.0,right,36.0,151.0,75.0,185.0,1997-08-07,1.2024,8.2024,Australian,Asics*,Head,
sr:competitor:671637,"Fils, Arthur",France,FRA,FIL,male,,right,20.0,195.0,,,2004-06-12,7.2024,10.2024,Asics ? Lacoste,Asics,Babolat,Evian | CORUM L  pargne
sr:competitor:97231,"Djere, Laslo",Serbia,SRB,DJE,male,2013.0,right,27.0,346.0,82.0,188.0,1995-06-02,6.2019,3.2021,,,,
sr:competitor:39234,"Lajovic, Dusan",Serbia,SRB,LAJ,male,2007.0,right,23.0,82.0,83.0,183.0,1990-06-30,4.2019,9.202,,,,
sr:competitor:16822,"Ramos-Vinolas, Albert",Spain,ESP,RAM,male,2007.0,left,17.0,117.0,76.0,188.0,1988-01-17,5.2017,3.2018,Joma,Joma,Babolat,
sr:competitor:23581,"Dimitrov, Grigor",Bulgaria,BGR,DIM,male,2008.0,right,3.0,66.0,81.0,191.0,1991-05-16,11.2017,8.2013,,,,
sr:competitor:97647,"Kwon, Soonwoo",Republic of Korea,KOR,KWON,male,2015.0,right,52.0,224.0,72.0,180.0,1997-12-02,11.2021,12.2022,,,,
sr:competitor:124658,"Purcell, Max",Australia,AUS,PUR,male,2015.0,right,40.0,8.0,75.0,185.0,1998-04-03,10.2023,9.2024,LSKD,K-Swiss ? Asics,Dunlop,
sr:competitor:42379,"Giron, Marcos",USA,USA,GIR,male,2014.0,right,37.0,194.0,77.0,180.0,1993-07-24,8.2024,8.2022,,,,
sr:competitor:429603,"Rune, Holger",Denmark,DNK,RUN,male,,right,4.0,174.0,,,2003-04-29,8.2023,9.2022,Nike,Nike,Babolat,
sr:competitor:163480,"Bublik, Alexander",Kazakhstan,KAZ,BUB,male,2014.0,right,17.0,47.0,76.0,193.0,1997-06-17,5.2024,11.2021,Yoxoi ? EA7,Yonex ? Nike,Yonex ? Tecnifibre,Codos
sr:competitor:63438,"McDonald, Mackenzie",USA,USA,MCD,male,2016.0,right,37.0,49.0,73.0,178.0,1995-04-16,10.2023,10.2023,,,,
sr:competitor:138546,"Paul, Tommy",USA,USA,PAU,male,2015.0,right,12.0,97.0,82.0,185.0,1997-05-17,10.2023,9.2022,,,,
sr:competitor:83397,"Ofner, Sebastian",Austria,AUT,OFN,male,2014.0,right,37.0,240.0,78.0,188.0,1996-05-12,1.2024,1.2024,Lotto,Lotto,Babolat,Omni Biotic | KNV
sr:competitor:57163,"Zverev, Alexander",Germany,DEU,ZVE,male,2013.0,right,2.0,68.0,90.0,198.0,1997-04-20,6.2022,3.2019,Adidas,Adidas,Head,
sr:competitor:16375,"Evans, Daniel",Great Britain,GBR,EVA,male,2006.0,right,21.0,52.0,75.0,175.0,1990-05-23,8.2023,4.2021,,,,
sr:competitor:14414,"Gasquet, Richard",France,FRA,GAS,male,2002.0,right,7.0,45.0,79.0,183.0,1986-06-18,7.2007,4.2008,Le Coq Sportif,Le Coq Sportif,Head,
sr:competitor:14844,"Monfils, Gael",France,FRA,MON,male,2004.0,right,6.0,155.0,85.0,193.0,1986-09-01,11.2016,8.2011,Artengo,Artengo,Artengo,MacPaw
sr:competitor:87690,"Thompson, Jordan",Australia,AUS,THO,male,2013.0,right,26.0,3.0,82.0,183.0,1994-04-20,11.2024,11.2024,New Balance,New Balance,Babolat,The Economist
sr:competitor:871495,"Michelsen, Alex",USA,USA,MIC,male,,right,41.0,93.0,,,2004-08-25,11.2024,11.2024,Adidas,Adidas,Babolat,
sr:competitor:49417,"Tu, Li",Australia,AUS,TUL,male,,right,178.0,197.0,,,1996-05-27,11.2024,1.2023,,,,
sr:competitor:359608,"Maestrelli, Francesco",Italy,ITA,MAE,male,,right,149.0,318.0,,,2002-12-21,6.2023,8.2023,,,,
sr:competitor:276685,"Skatov, Timofey",Kazakhstan,KAZ,SKA,male,,right,123.0,,,,2001-01-21,9.2023,,,,,
sr:competitor:298122,"Zeppieri, Giulio",Italy,ITA,ZEP,male,,left,110.0,242.0,,,2001-12-07,1.2024,4.2022,,,,
sr:competitor:443702,"Burruchaga, Roman Andres",Argentina,ARG,BUR,male,,right,124.0,191.0,,,2002-01-23,8.2024,10.2022,,,,
sr:competitor:418213,"Diallo, Gabriel",Canada,CAN,DIA,male,,right,86.0,321.0,,,2001-09-24,11.2024,1.2024,,,,
sr:competitor:36300,"Travaglia, Stefano",Italy,ITA,TRA,male,2008.0,right,60.0,224.0,80.0,185.0,1991-12-28,2.2021,1.2022,,,,
sr:competitor:51009,"Kuzmanov, Dimitar",Bulgaria,BGR,KUZ,male,2009.0,right,159.0,438.0,72.0,183.0,1993-07-28,8.2022,4.2019,,,,
sr:competitor:534043,"Darderi, Luciano",Italy,ITA,DAR,male,,right,32.0,104.0,,,2002-02-14,8.2024,8.2022,,,,
sr:competitor:225052,"Tabur, Clement",France,FRA,TAB,male,,,202.0,385.0,,,2000-01-24,3.2024,3.202,,,,
sr:competitor:341192,"Comesana, Francisco",Argentina,ARG,COM,male,,right,87.0,257.0,,,2000-10-06,5.2024,5.2023,Lotto,Lotto,Head,
sr:competitor:63090,"Fatic, Nerman",Bosnia & Herzegovina,BIH,FAT,male,,right,191.0,449.0,86.0,191.0,1994-10-24,8.2023,3.2022,,,,
sr:competitor:83661,"Ymer, Elias",Sweden,SWE,YME,male,2014.0,right,105.0,188.0,79.0,183.0,1996-04-10,6.2018,10.2017,,,,
sr:competitor:822798,"Marinkov, Pavle",Australia,AUS,MAR,male,,right,,,,,2006-02-04,,,,,,
sr:competitor:44547,"Albot, Radu",Moldova,MDA,ALB,male,2008.0,right,39.0,56.0,69.0,175.0,1989-11-11,8.2019,4.2019,,,,
sr:competitor:392066,"Navone, Mariano",Argentina,ARG,NAV,male,,,29.0,295.0,,,2001-02-27,6.2024,10.2024,Joma,Joma,Head,
sr:competitor:204117,"Ugo Carabelli, Camilo",Argentina,ARG,UGO,male,,right,91.0,232.0,83.0,185.0,1999-06-17,8.2024,3.2022,Joma,Joma,Head,Blue Owl | Midea
sr:competitor:501672,"Svajda, Zachary",USA,USA,SVA,male,,,102.0,,,,2002-11-29,8.2024,,,,,
sr:competitor:309954,"Droguet, Titouan",France,FRA,DRO,male,,right,130.0,211.0,,,2001-06-15,6.2024,4.2023,,,,
sr:competitor:44549,"Cecchinato, Marco",Italy,ITA,CEC,male,2010.0,right,16.0,169.0,78.0,185.0,1992-09-30,2.2019,6.2016,Joma,Joma,Babolat,
sr:competitor:210526,"Kopriva, Vit",Czechia,CZE,KOP,male,,right,111.0,261.0,69.0,178.0,1997-06-15,9.2023,10.2022,,,,
sr:competitor:89320,"Ivashka, Ilya",Neutral,,IVA,male,2013.0,right,40.0,317.0,84.0,193.0,1994-02-24,6.2022,6.2023,Hydrogen,Nike,Head,
sr:competitor:108767,"Hassan, Benjamin",Lebanon,LBN,HAS,male,,right,143.0,210.0,85.0,183.0,1995-02-04,6.2024,10.2024,,,,
sr:competitor:754563,"Jin, Jeremy",Australia,AUS,JIN,male,,right,,,,,2004-06-27,,,,,,
sr:competitor:43761,"Collarini, Andrea",Argentina,ARG,COL,male,2010.0,left,177.0,193.0,80.0,185.0,1992-01-31,4.2023,8.2022,,,,
sr:competitor:223714,"Piros, Zsombor",Hungary,HUN,PIR,male,2016.0,right,106.0,,68.0,180.0,1999-10-13,3.2024,,,,,
sr:competitor:57759,"Oliveira, Gonzalo",Venezuela,VEN,OLI,male,2012.0,left,194.0,77.0,79.0,185.0,1995-02-17,12.2017,8.202,,,,
sr:competitor:294300,"Nakashima, Brandon",USA,USA,NAK,male,,right,35.0,240.0,,,2001-08-03,9.2024,6.2024,Fila,Fila,Babolat ? Yonex,Motorola | Factor
sr:competitor:49663,"Escoffier, Antoine",France,FRA,ESC,male,,right,135.0,214.0,78.0,185.0,1992-02-29,10.2023,5.2024,,,,
sr:competitor:337601,"Bu, Yunchaokete",China,CHN,YUN,male,,right,66.0,274.0,,,2002-01-19,11.2024,10.2023,,,,
sr:competitor:131566,"Nagal, Sumit",India,IND,NAG,male,2015.0,right,68.0,416.0,69.0,178.0,1997-08-16,7.2024,7.2023,,,,
sr:competitor:157808,"Harris, Lloyd",South Africa,ZAF,HAR,male,2015.0,right,31.0,108.0,80.0,193.0,1997-02-24,9.2021,6.2022,,,,
sr:competitor:33115,"Millman, John",Australia,AUS,MIL,male,2006.0,right,33.0,165.0,79.0,183.0,1989-06-14,10.2018,6.2018,,,,
sr:competitor:104967,"Brouwer, Gijs",Netherlands,NLD,BRO,male,,left,114.0,148.0,72.0,191.0,1996-03-14,2.2023,8.2022,,,,
sr:competitor:66086,"Kicker, Nicolas",Argentina,ARG,KIC,male,2009.0,right,78.0,215.0,75.0,178.0,1992-08-16,6.2017,5.2016,,,,
sr:competitor:269521,"Cressy, Maxime",USA,USA,CRE,male,,right,31.0,64.0,86.0,198.0,1997-05-08,8.2022,5.2023,New Balance,New Balance,Babolat,
sr:competitor:503814,"Mochizuki, Shintaro",Japan,JPN,MOC,male,,right,129.0,371.0,,,2003-06-02,11.2023,10.2021,,,,
sr:competitor:247607,"Shimabukuro, Sho",Japan,JPN,SHI,male,,right,135.0,376.0,,,1997-07-30,10.2023,9.2024,,,,
sr:competitor:100069,"Sachko, Vitaliy",Ukraine,UKR,SAC,male,,right,156.0,149.0,,,1997-07-14,7.2023,5.2022,,,,
sr:competitor:289105,"Onclin, Gauthier",Belgium,BEL,ONC,male,,right,194.0,,,,2001-02-26,9.2023,,,,,
sr:competitor:145112,"Huesler, Marc-Andrea",Switzerland,CHE,HUE,male,,left,47.0,132.0,88.0,196.0,1996-06-24,2.2023,10.2021,,,,
sr:competitor:227358,"Walton, Adam",Australia,AUS,WAL,male,,right,86.0,134.0,,,1999-04-17,8.2024,3.2024,Lotto,Lotto,Babolat,
sr:competitor:126356,"Munar, Jaume",Spain,ESP,MUN,male,2014.0,right,52.0,149.0,76.0,183.0,1997-05-05,5.2019,2.202,,,,
sr:competitor:102339,"Van de Zandschulp, Botic",Netherlands,NLD,VAN,male,,right,22.0,60.0,83.0,188.0,1995-10-04,8.2022,5.2023,,,,
sr:competitor:63606,"Rinderknech, Arthur",France,FRA,RIN,male,,right,42.0,124.0,86.0,196.0,1995-07-23,10.2022,11.2021,,,,
sr:competitor:255595,"Cerundolo, Francisco",Argentina,ARG,CER,male,,right,19.0,203.0,,,1998-08-13,6.2023,10.2022,Joma ? Adidas,Joma ? Adidas,Head,Radio Disney
sr:competitor:15387,"Cilic, Marin",Croatia,HRV,CIL,male,2005.0,right,3.0,49.0,89.0,198.0,1988-09-28,1.2018,4.2013,Head,Head,Head,IronMaxx
sr:competitor:106755,"Rublev, Andrey",Neutral,,RUB,male,2014.0,right,5.0,44.0,70.0,188.0,1997-10-20,9.2021,11.2023,K-Swiss x Rublo (own brand),Nike ? K-Swiss,Head,Waterdrop
sr:competitor:64570,"Garin, Cristian",Chile,CHL,GAR,male,2011.0,right,17.0,206.0,85.0,185.0,1996-05-30,9.2021,5.2021,Nike* ? About Sports,Nike,Head ? Wilson,
sr:competitor:73987,"Cachin, Pedro",Argentina,ARG,CAC,male,2011.0,right,48.0,219.0,77.0,185.0,1995-04-12,8.2023,5.2022,,,,
sr:competitor:257721,"Baez, Sebastian",Argentina,ARG,BAE,male,,right,18.0,189.0,,,2000-12-28,6.2024,7.2024,,,,
sr:competitor:371476,"Diaz Acosta, Facundo",Argentina,ARG,DIA,male,,left,47.0,173.0,,,2000-12-15,4.2024,11.2022,,,,
sr:competitor:39726,"Kubler, Jason",Australia,AUS,KUB,male,2011.0,right,63.0,27.0,74.0,178.0,1993-05-19,4.2023,5.2023,Asics,Asics,Babolat,BizCover
sr:competitor:64580,"Coric, Borna",Croatia,HRV,COR,male,2013.0,right,12.0,413.0,85.0,188.0,1996-11-14,11.2018,11.2016,,,,
sr:competitor:167370,"Ruusuvuori, Emil",Finland,FIN,RUU,male,2018.0,right,37.0,179.0,75.0,185.0,1999-04-02,4.2023,5.2022,Asics ? Head,Asics,Head,Porsche | Silja Line
sr:competitor:94485,"Bonzi, Benjamin",France,FRA,BON,male,2014.0,right,42.0,121.0,75.0,183.0,1996-06-09,2.2023,9.2022,,,,
sr:competitor:124916,"Gojo, Borna",Croatia,HRV,GOJ,male,,right,72.0,394.0,90.0,196.0,1998-02-27,11.2023,1.2022,Lotto,Lotto,Head,
sr:competitor:89632,"Jarry, Nicolas",Chile,CHL,JAR,male,2014.0,right,16.0,40.0,90.0,198.0,1995-10-11,5.2024,3.2019,,,,
sr:competitor:163504,"Medvedev, Daniil",Neutral,,MED,male,2014.0,right,1.0,170.0,83.0,198.0,1996-02-11,2.2022,8.2019,,,,
sr:competitor:808628,"Shelton, Ben",USA,USA,SHE,male,,left,13.0,68.0,,,2002-10-09,8.2024,5.2024,,,,
sr:competitor:157456,"Davidovich Fokina, Alejandro",Spain,ESP,DAV,male,2019.0,right,21.0,196.0,80.0,180.0,1999-06-05,8.2023,2.2022,Diadora ? Adidas,Diadora ? Adidas,Head,
sr:competitor:80665,"Polmans, Marc",Australia,AUS,POL,male,2015.0,right,116.0,68.0,78.0,188.0,1997-05-02,10.202,10.2017,,,,
sr:competitor:14548,"Wawrinka, Stan",Switzerland,CHE,WAW,male,2002.0,right,3.0,88.0,81.0,183.0,1985-03-28,1.2014,2.2015,,,,
sr:competitor:658475,"van Assche, Luca",France,FRA,VAN,male,,right,63.0,335.0,,,2004-05-11,10.2023,1.2023,,,,
sr:competitor:122366,"Tsitsipas, Stefanos",Greece,GRC,TSI,male,2016.0,right,3.0,64.0,85.0,193.0,1998-08-12,8.2021,8.2022,,,,
sr:competitor:90080,"Khachanov, Karen",Neutral,,KHA,male,2013.0,right,8.0,53.0,87.0,198.0,1996-05-21,7.2019,1.2024,,,,
sr:competitor:54573,"Coria, Federico",Argentina,ARG,COR,male,2010.0,right,49.0,238.0,73.0,180.0,1992-03-09,2.2023,11.2021,About Sports,Adidas*,Head,Disney+
sr:competitor:48632,"Daniel, Taro",Japan,JPN,DAN,male,2010.0,right,58.0,351.0,80.0,191.0,1993-01-27,1.2024,5.2019,Mizuno,Mizuno,Babolat,
sr:competitor:169496,"Etcheverry, Tomas Martin",Argentina,ARG,ETC,male,,right,27.0,204.0,82.0,196.0,1999-07-18,2.2024,11.2024,K-Swiss,K-Swiss,Head ? Yonex,
sr:competitor:125006,"Borges, Nuno",Portugal,PRT,BOR,male,,right,30.0,69.0,75.0,185.0,1997-02-19,9.2024,9.2022,Head,Head,Head,
sr:competitor:18111,"Raonic, Milos",Canada,CAN,RAO,male,2008.0,right,3.0,103.0,98.0,196.0,1990-12-27,11.2016,6.2013,,,,
sr:competitor:157302,"Watanuki, Yosuke",Japan,JPN,WAT,male,2016.0,right,72.0,374.0,63.0,180.0,1998-04-12,10.2023,1.2019,Asics,Asics,Babolat ? Blacket out,SBC
sr:competitor:158896,"Hurkacz, Hubert",Poland,POL,HUR,male,2015.0,right,6.0,30.0,81.0,196.0,1997-02-11,8.2024,6.2022,,,,
sr:competitor:46391,"Struff, Jan-Lennard",Germany,DEU,STR,male,2009.0,right,21.0,21.0,92.0,196.0,1990-04-25,6.2023,10.2018,Diadora,Diadora,Head,OBO | IFM electronic
sr:competitor:43748,"Thiem, Dominic",Austria,AUT,THI,male,2011.0,right,3.0,67.0,79.0,185.0,1993-09-03,3.202,10.2019,Adidas,Adidas,Babolat,Red Bull | Bolah
sr:competitor:72248,"Varillas, Juan Pablo",Peru,PER,VAR,male,,right,60.0,289.0,78.0,185.0,1995-10-06,6.2023,5.2021,,,,
sr:competitor:339377,"Lehecka, Jiri",Czechia,CZE,LEH,male,,right,23.0,144.0,,,2001-11-08,1.2024,1.2024,,,,
sr:competitor:122368,"Griekspoor, Tallon",Netherlands,NLD,GRI,male,,right,21.0,61.0,82.0,188.0,1996-07-02,11.2023,6.2024,,,,
sr:competitor:41857,"Vesely, Jiri",Czechia,CZE,VES,male,2009.0,left,35.0,94.0,94.0,198.0,1993-07-10,4.2015,6.2015,,,,
sr:competitor:445419,"Cazaux, Arthur",France,FRA,CAZ,male,,right,64.0,430.0,,,2002-08-23,11.2024,11.2021,Lacoste,Lacoste ? Asics,Babolat,
sr:competitor:119248,"Ruud, Casper",Norway,NOR,RUU,male,2015.0,right,2.0,133.0,77.0,183.0,1998-12-22,9.2022,7.2021,,,,
sr:competitor:47770,"Fucsovics, Marton",Hungary,HUN,FUC,male,2010.0,right,31.0,189.0,82.0,188.0,1992-02-08,3.2019,4.2019,,,,
sr:competitor:352776,"Draper, Jack",Great Britain,GBR,DRA,male,,left,15.0,247.0,75.0,188.0,2001-12-22,10.2024,10.2024,Nike,Nike,Dunlop,
sr:competitor:59281,"Nishioka, Yoshihito",Japan,JPN,NIS,male,2014.0,left,24.0,210.0,64.0,170.0,1995-09-27,6.2023,7.2019,,,,
sr:competitor:721347,"Shang, Juncheng",China,CHN,SHA,male,,left,47.0,,,,2005-02-02,10.2024,,Nike,Nike,Babolat,
sr:competitor:67154,"Barrere, Gregoire",France,FRA,BAR,male,2012.0,right,49.0,161.0,83.0,183.0,1994-02-16,7.2023,4.2021,,,,
sr:competitor:71280,"Kokkinakis, Thanasi",Australia,AUS,KOK,male,2013.0,right,65.0,15.0,84.0,193.0,1996-04-10,11.2023,11.2022,Cotton On,Adidas*,Yonex ? Babolat*,ATL | HubSpot
sr:competitor:129368,"Koepfer, Dominik",Germany,DEU,KOE,male,2016.0,left,49.0,69.0,82.0,180.0,1994-04-29,3.2024,6.2024,Bidi Badu,Asics,Head,Newkee
sr:competitor:104847,"Sonego, Lorenzo",Italy,ITA,SON,male,2013.0,right,21.0,60.0,76.0,191.0,1995-05-11,10.2021,9.2022,,,,
sr:competitor:407573,"Alcaraz, Carlos",Spain,ESP,ALC,male,2018.0,right,1.0,,74.0,183.0,2003-05-05,9.2022,,Nike,Nike,Babolat,
sr:competitor:299310,"Sonmez, Zeynep",Turkiye,TUR,SON,female,,,90.0,,,,2002-04-30,11.2024,,,,,
sr:competitor:45902,"Sasnovich, Aliaksandra",Neutral,,SAS,female,2013.0,right,29.0,39.0,60.0,174.0,1994-03-22,9.2022,8.2021,K-Swiss,K-Swiss,Head,AMD | The Economist
sr:competitor:150130,"Gao, Xinyu",China,CHN,GAO,female,,right,164.0,230.0,,180.0,1997-11-21,7.2024,9.2017,,,,
sr:competitor:147506,"Fourlis, Jaimee",Australia,AUS,FOU,female,2015.0,right,147.0,138.0,61.0,168.0,1999-09-17,7.2022,3.202,,,,
sr:competitor:41372,"Davis, Lauren",USA,USA,DAV,female,2011.0,right,26.0,137.0,55.0,157.0,1993-10-09,5.2017,1.2018,K-Swiss,K-Swiss,Head,Glossier | alterDomus
sr:competitor:255031,"Niemeier, Jule",Germany,DEU,NIE,female,2016.0,right,61.0,418.0,,,1999-08-12,11.2022,8.2023,Adidas,Adidas,Head,
sr:competitor:676251,"Wurth, Tara",Croatia,HRV,WUR,female,,right,145.0,253.0,,,2002-09-30,4.2023,11.2024,,,,
sr:competitor:627278,"Eala, Alexandra",Philippines,PHL,EAL,female,,left,143.0,192.0,,,2005-05-23,7.2024,8.2024,,,,
sr:competitor:50643,"Lukas, Tena",Croatia,HRV,LUK,female,2011.0,right,200.0,257.0,,,1995-05-10,9.2022,7.2022,,,,
sr:competitor:337813,"Riera, Julia",Argentina,ARG,RIE,female,,right,93.0,176.0,,,2002-05-29,5.2024,8.2024,Fila,Fila,Head,
sr:competitor:179300,"Liu, Claire",USA,USA,LIU,female,2015.0,right,52.0,257.0,,170.0,2000-05-25,1.2023,1.2023,Asics,Asics,Head,
sr:competitor:256447,"Monnet, Carole",France,FRA,MON,female,,left,162.0,129.0,,,2001-12-01,9.2023,10.2024,,,,
sr:competitor:433758,"Wei, Sijia",China,CHN,WEI,female,,right,131.0,257.0,,,2003-12-05,11.2024,7.2023,,,,
sr:competitor:315609,"Kraus, Sinja",Austria,AUT,KRA,female,,right,151.0,303.0,,,2002-04-29,5.2023,12.2023,,,,
sr:competitor:534045,"Gibson, Talia",Australia,AUS,GIB,female,,right,125.0,159.0,,,2004-06-18,11.2024,8.2023,,,,
sr:competitor:67322,"Tan, Harmony",France,FRA,TAN,female,2012.0,right,90.0,302.0,,,1997-09-11,4.2022,9.202,,,,
sr:competitor:1014317,"Mpetshi Perricard, Daphnee",France,FRA,MPE,female,,,,,,,2008-11-21,,,,,,
sr:competitor:71034,"Sramkova, Rebecca",Slovakia,SVK,SRA,female,2013.0,right,43.0,364.0,68.0,179.0,1996-10-19,11.2024,5.2021,,,,
sr:competitor:505970,"Janicijevic, Selena",France,FRA,JAN,female,,right,153.0,,,,2002-07-23,9.2024,,,,,
sr:competitor:43102,"Babos, Timea",Hungary,HUN,BAB,female,2011.0,right,25.0,1.0,68.0,179.0,1993-05-10,9.2016,7.2018,Yonex,Yonex,Yonex,
sr:competitor:319455,"Baptiste, Hailey",USA,USA,BAP,female,,right,80.0,92.0,,,2001-11-03,10.2024,7.2024,,,,
sr:competitor:526975,"Fruhvirtova, Linda",Czechia,CZE,FRU,female,,right,49.0,187.0,,,2005-05-01,6.2023,10.2023,Nike,Nike,Wilson,
sr:competitor:762762,"Seidel, Ella",Germany,DEU,SEI,female,,right,117.0,190.0,,,2005-02-14,10.2024,9.2024,,,,
sr:competitor:157150,"Boskovic, Lea",Croatia,HRV,BOS,female,,right,158.0,215.0,,,1999-09-22,9.2024,2.2023,,,,
sr:competitor:870983,"Saito, Sara",Japan,JPN,SAI,female,,right,156.0,484.0,,,2006-10-03,7.2024,3.2024,,,,
sr:competitor:432605,"Makarova, Ekaterina",Neutral,,MAK,female,,right,158.0,,,,1996-02-15,1.2024,,,,,
sr:competitor:662615,"Salkova, Dominika",Czechia,CZE,SAL,female,,right,129.0,147.0,,,2004-06-28,7.2024,8.2023,,,,
sr:competitor:667155,"Fruhvirtova, Brenda",Czechia,CZE,FRU,female,,right,87.0,,,,2007-04-02,7.2024,,,,,
sr:competitor:48583,"Baindl, Kateryna",Ukraine,UKR,BAI,female,2009.0,right,62.0,139.0,51.0,175.0,1994-02-20,2.2018,10.2012,,,,
sr:competitor:245711,"Leonard, Manon",France,FRA,LEO,female,,right,190.0,448.0,,,2001-01-20,10.2024,6.2024,,,,
sr:competitor:286435,"Gadecki, Olivia",Australia,AUS,GAD,female,,right,83.0,64.0,,,2002-04-24,10.2024,7.2024,,,,
sr:competitor:782066,"Lew Yan Foon, Astrid",France,FRA,LEW,female,,,,,,,2005-08-15,,,,,,
sr:competitor:790640,"Marcinko, Petra",Croatia,HRV,MAR,female,,right,132.0,,,,2005-12-04,10.2023,,,,,
sr:competitor:335171,"Uchijima, Moyuka",Japan,JPN,UCH,female,,right,55.0,101.0,,171.0,2001-08-11,10.2024,6.2023,,,,
sr:competitor:19957,"Hercog, Polona",Slovenia,SVN,HER,female,2006.0,right,35.0,56.0,70.0,185.0,1991-01-20,9.2011,1.2011,Nike ? ,Nike*,Wilson,
sr:competitor:118052,"Oz, Ipek",Turkiye,TUR,IPE,female,,left,163.0,327.0,,,1999-07-08,7.2022,6.2022,,,,
sr:competitor:771430,"Naef, Celine",Switzerland,CHE,NAE,female,,right,121.0,122.0,,,2005-06-25,10.2023,11.2024,,,,
sr:competitor:51477,"Mitu, Andreea",Romania,ROU,MIT,female,2006.0,right,68.0,69.0,60.0,175.0,1991-09-22,6.2015,10.2016,,,,
sr:competitor:518838,"Yang, Ya Yi",Chinese Taipei,TPE,YAN,female,,right,203.0,289.0,,,2004-05-30,10.2023,9.2023,,,,
sr:competitor:48318,"Martincova, Tereza",Czechia,CZE,MAR,female,2011.0,right,40.0,77.0,64.0,179.0,1994-10-24,2.2022,6.2022,Mizuno,Mizuno,Wilson,Febescrap | Samohyl MB
sr:competitor:467037,"Kudermetova, Polina",Neutral,,KUD,female,,right,114.0,283.0,,,2003-06-04,11.2024,4.2023,,,,
sr:competitor:19202,"Errani, Sara",Italy,ITA,ERR,female,2002.0,right,5.0,1.0,58.0,164.0,1987-04-29,5.2013,9.2012,Nike* ? Asics*,Nike* ?  Asics*,Babolat,Juiceplus+
sr:competitor:42839,"Barthel, Mona",Germany,DEU,BAR,female,2008.0,right,23.0,63.0,69.0,185.0,1990-07-11,3.2013,9.2015,RS Sports,Asics*,Prince,
sr:competitor:211262,"Danilovic, Olga",Serbia,SRB,DAN,female,2016.0,left,52.0,104.0,77.0,182.0,2001-01-23,10.2024,4.2023,,,,
sr:competitor:26120,"Marino, Rebecca",Canada,CAN,MAR,female,2008.0,right,38.0,156.0,64.0,183.0,1990-12-16,7.2011,3.2022,K-Swiss,K-Swiss,Head,
sr:competitor:23082,"Rodionova, Arina",Australia,AUS,ROD,female,2004.0,right,97.0,41.0,60.0,168.0,1989-12-15,2.2024,7.2015,,,,
sr:competitor:45139,"Papamichail, Despina",Greece,GRC,PAP,female,2008.0,right,143.0,93.0,,,1993-02-09,10.2022,12.2023,,,,
sr:competitor:25831,"Abduraimova, Nigina",Uzbekistan,UZB,ABD,female,2009.0,right,144.0,175.0,68.0,174.0,1994-07-07,9.2014,9.2017,,,,
sr:competitor:190882,"Aiava, Destanee",Australia,AUS,AIA,female,2015.0,right,147.0,133.0,70.0,175.0,2000-05-10,9.2017,8.2024,,,,
sr:competitor:246941,"Lys, Eva",Germany,DEU,LYS,female,,right,105.0,,,,2002-01-12,9.2024,,,,,
sr:competitor:343160,"Volynets, Katie",USA,USA,VOL,female,,right,56.0,447.0,,,2001-12-31,7.2024,5.2022,Adidas,Adidas,Head,
sr:competitor:41404,"Watson, Heather",Great Britain,GBR,WAT,female,2010.0,right,38.0,39.0,64.0,170.0,1992-05-19,1.2015,2.2019,New Balance,New Balance,Babolat,
sr:competitor:319349,"Rouvroy, Margaux",France,FRA,ROU,female,,,211.0,,,,2001-03-22,9.2024,,,,,
sr:competitor:202623,"Zavatska, Katarina",Ukraine,UKR,ZAV,female,2015.0,right,103.0,337.0,63.0,173.0,2000-02-05,2.202,6.2021,,,,
sr:competitor:155556,"Bulgaru, Miriam Bianca",Romania,ROU,BUL,female,,right,176.0,371.0,,,1998-10-08,10.2024,6.2021,,,,
sr:competitor:52533,"Jakupovic, Dalila",Slovenia,SVN,JAK,female,2008.0,right,69.0,38.0,,,1991-03-24,11.2018,9.2018,,,,
sr:competitor:208105,"Arango, Emiliana",Colombia,COL,ARA,female,2016.0,right,109.0,,,,2000-11-28,11.2023,,,,,
sr:competitor:183861,"Bassols Ribera, Marina",Spain,ESP,BAS,female,2017.0,right,105.0,194.0,,164.0,1999-12-13,2.2024,8.2022,,,,
sr:competitor:380396,"Kalieva, Elvina",USA,USA,KAL,female,,right,168.0,194.0,,,2003-07-27,6.2023,2.2023,,,,
sr:competitor:604388,"Tararudee, Lanlana",Thailand,THA,TAR,female,,right,171.0,371.0,,,2004-07-07,10.2024,5.2024,,,,
sr:competitor:42492,"Kawa, Katarzyna",Poland,POL,KAW,female,2007.0,right,112.0,64.0,,178.0,1992-11-17,11.202,10.2022,,,,
sr:competitor:46273,"Dinu, Cristina",Romania,ROU,DIN,female,2009.0,right,179.0,153.0,,,1993-01-18,9.2013,5.2019,,,,
sr:competitor:206949,"Hontama, Mai",Japan,JPN,HON,female,,right,105.0,109.0,,,1999-08-30,8.2024,11.2023,,,,
sr:competitor:150574,"Bondar, Anna",Hungary,HUN,BON,female,2013.0,right,50.0,43.0,,,1997-05-27,7.2022,1.2023,Yonex,Yonex,Yonex,
sr:competitor:303814,"Tikhonova, Anastasia",Neutral,,TIK,female,,right,151.0,104.0,,,2001-01-21,1.2024,12.2023,,,,
sr:competitor:369524,"Erjavec, Veronika",Slovenia,SVN,ERJ,female,,right,168.0,120.0,,,1999-12-30,5.2024,5.2024,,,,
sr:competitor:90814,"Teichmann, Jil",Switzerland,CHE,TEI,female,2013.0,left,21.0,73.0,60.0,170.0,1997-07-15,7.2022,6.2022,Lacoste ? Head,Nike ? Head,Head,Fromm | Cornercard
sr:competitor:448081,"Noha Akugue, Noma",Germany,DEU,NOH,female,,left,142.0,189.0,,,2003-12-02,7.2023,10.2024,,,,
sr:competitor:103375,"Serban, Raluca Georgiana",Cyprus,CYP,SER,female,,right,152.0,176.0,,,1997-06-17,7.2023,1.2019,,,,
sr:competitor:112957,"Jeanjean, Leolia",France,FRA,JEA,female,,right,102.0,162.0,,,1995-08-14,1.2023,3.2024,,,,
sr:competitor:722877,"Ciric-Bagaric, Lucija",Croatia,HRV,CIR,female,,right,157.0,426.0,,,2004-01-09,8.2024,7.2023,,,,
sr:competitor:103901,"Ruse, Elena-Gabriela",Romania,ROU,RUS,female,2007.0,right,51.0,32.0,,172.0,1997-11-06,5.2022,5.2023,Adidas,Adidas,Yonex,Apple & Eve | Oscar
sr:competitor:87834,"Hon, Priscilla",Australia,AUS,HON,female,2012.0,right,118.0,91.0,,171.0,1998-05-10,10.2019,4.2018,,,,
sr:competitor:341112,"Zakharova, Anastasia",Neutral,,ZAK,female,,,106.0,93.0,,,2002-01-18,11.2024,9.2022,,,,
sr:competitor:445421,"Selekhmeteva, Oksana",Neutral,,SEL,female,,left,138.0,150.0,,,2003-01-13,8.2022,7.2022,,,,
sr:competitor:655811,"Avdeeva, Julia",Neutral,,AVD,female,,,188.0,365.0,,,2002-07-06,5.2024,9.2024,,,,
sr:competitor:504238,"Sierra, Solana",Argentina,ARG,SIE,female,,right,145.0,,,,2004-06-17,10.2024,,,,,
sr:competitor:595220,"Stakusic, Marina",Canada,CAN,STA,female,,right,116.0,448.0,,,2004-11-27,10.2024,8.2023,,,,
sr:competitor:134532,"You, Xiaodi",China,CHN,YOU,female,2014.0,right,166.0,102.0,,,1996-05-12,3.202,9.2016,,,,
sr:competitor:98733,"Burillo Escorihuela, Irene",Spain,ESP,BUR,female,,right,207.0,272.0,,,1997-07-23,1.2022,8.2023,,,,
sr:competitor:499484,"Montgomery, Robin",USA,USA,MON,female,,left,105.0,119.0,,,2004-09-05,8.2024,9.2023,,,,
sr:competitor:34486,"Tomljanovic, Ajla",Australia,AUS,TOM,female,2009.0,right,32.0,47.0,67.0,180.0,1993-05-07,4.2023,1.2015,Original Penguin,Wilson,Wilson,Zales | Newrez
sr:competitor:52025,"Wang, Yafan",China,CHN,WAN,female,2014.0,right,47.0,49.0,62.0,170.0,1994-04-30,10.2019,2.2016,Nike ? ,Nike ? Mizuno*,Yonex,Ping An | Apple & Eve
sr:competitor:50641,"Vekic, Donna",Croatia,HRV,VEK,female,2012.0,right,18.0,171.0,64.0,179.0,1996-06-28,10.2024,8.2018,Nike ? Donna Sport,On ? Lacoste,Yonex,
sr:competitor:272217,"Wang, Xinyu",China,CHN,WAN,female,2018.0,right,32.0,16.0,75.0,182.0,2001-09-26,10.2023,5.2024,Nike* ? Adidas,Nike ? Adidas,Babolat,
sr:competitor:105463,"Bouzkova, Marie",Czechia,CZE,BOU,female,2014.0,right,24.0,15.0,61.0,180.0,1998-07-21,12.2022,5.2024,Joma,Joma,Yonex,Own logo
sr:competitor:110055,"Bronzetti, Lucia",Italy,ITA,BRO,female,,right,46.0,275.0,,,1998-12-10,4.2024,10.2024,Lotto,Lotto,Babolat,Nexia Audirevi
sr:competitor:64085,"Pigossi, Laura",Brazil,BRA,PIG,female,2009.0,right,100.0,125.0,,164.0,1994-08-02,8.2022,2.202,,,,
sr:competitor:405057,"Bouzas Maneiro, Jessica",Spain,ESP,BOU,female,,,55.0,201.0,,,2002-09-24,11.2024,1.2023,Joma,Joma,Wilson,Refix | Cupra
sr:competitor:64496,"Ostapenko, Jelena",Latvia,LVA,OST,female,2012.0,right,5.0,4.0,68.0,177.0,1997-06-08,3.2018,10.2024,DK One,Adidas* ? Wilson,Wilson,Own logo | HubSpot | AMD
sr:competitor:37508,"Siegemund, Laura",Germany,DEU,SIE,female,2006.0,right,27.0,4.0,62.0,168.0,1988-03-04,8.2016,1.2024,Fila,Fila,Yonex,
sr:competitor:72376,"Siniakova, Katerina",Czechia,CZE,SIN,female,2013.0,right,27.0,1.0,69.0,174.0,1996-05-10,6.2024,10.2018,Lotto,Lotto,Wilson,TK Plus | AlterDomus
sr:competitor:262759,"Wang, Xiyu",China,CHN,WAN,female,2018.0,left,49.0,87.0,66.0,181.0,2001-03-28,1.2023,10.2024,Nike,Nike,Yonex,Ping An
sr:competitor:46591,"Paquet, Chloe",France,FRA,PAQ,female,2010.0,right,96.0,247.0,,178.0,1994-07-01,8.2024,6.2017,Le Coq Sportif,,Wilson,
sr:competitor:19520,"Maria, Tatjana",Germany,DEU,MAR,female,2006.0,right,42.0,54.0,62.0,172.0,1987-08-08,1.2024,6.2016,Nike*,Nike*,Yonex,
sr:competitor:50687,"van Uytvanck, Alison",Belgium,BEL,VAN,female,2011.0,right,37.0,66.0,63.0,173.0,1994-03-26,8.2018,5.2022,,,,
sr:competitor:60398,"Krejcikova, Barbora",Czechia,CZE,KRE,female,2014.0,right,2.0,1.0,62.0,178.0,1995-12-18,2.2022,10.2018,Head ? Fila,Head ? Fila,Head,
sr:competitor:40994,"Saville, Daria",Australia,AUS,SAV,female,2010.0,right,20.0,45.0,61.0,166.0,1994-03-05,8.2017,9.2017,,,,
sr:competitor:64968,"Dodin, Oceane",France,FRA,DOD,female,2014.0,right,46.0,375.0,59.0,183.0,1996-10-24,6.2017,10.2017,,,,
sr:competitor:128584,"Samsonova, Liudmila",Neutral,,SAM,female,,right,12.0,40.0,,,1998-11-11,2.2023,6.2023,K-Swiss ? ,K-Swiss ? Asics*,Wilson ? Head,
sr:competitor:124804,"Masarova, Rebeka",Spain,ESP,MAS,female,2016.0,right,62.0,125.0,71.0,186.0,1999-08-06,12.2023,10.2023,Joma ? Asics*,Joma ? Asics*,Wilson,
sr:competitor:234150,"Potapova, Anastasia",Neutral,,POT,female,2016.0,right,21.0,40.0,57.0,175.0,2001-03-30,6.2023,12.2022,Nike,Nike,Wilson,
sr:competitor:51392,"Vickery, Sachia",USA,USA,VIC,female,2013.0,right,73.0,225.0,58.0,163.0,1995-05-11,7.2018,8.2019,Fila ? Diadem,Fila ? Diadem,Tecnifibre ? Diadem,
sr:competitor:274013,"Swiatek, Iga",Poland,POL,SWI,female,2016.0,right,1.0,29.0,65.0,176.0,2001-05-31,4.2022,2.2022,Asics ? On,Asics ? On,Technifibre,Infosys
sr:competitor:41374,"Tomova, Viktoriya",Bulgaria,BGR,TOM,female,2009.0,right,46.0,254.0,58.0,170.0,1995-02-25,7.2024,8.2014,,,Babolat,
sr:competitor:289507,"Fernandez, Leylah Annie",Canada,CAN,FER,female,,left,13.0,17.0,,,2002-09-06,8.2022,10.2023,,,,
sr:competitor:373352,"Gauff, Coco",USA,USA,GAU,female,2018.0,right,2.0,1.0,55.0,175.0,2004-03-13,6.2024,8.2022,,,,
sr:competitor:254551,"Udvardy, Panna",Hungary,HUN,UDV,female,,right,76.0,65.0,,170.0,1998-09-28,9.2022,10.2022,Lotto,Lotto,Yonex ? Artengo,HotelPlanner
sr:competitor:58515,"Collins, Danielle",USA,USA,COL,female,2014.0,right,7.0,79.0,64.0,178.0,1993-12-13,7.2022,10.2023,Alo Yoga* ? FP Movement,Adidas*,Tecnifibre,Clear Street | Wear SPF
sr:competitor:179146,"Kalinskaya, Anna",Neutral,,KAL,female,2015.0,right,11.0,49.0,,175.0,1998-12-02,10.2024,2.2023,Alo Yoga* ? Nike,Adidas ? Nike,Yonex ? Wilson,
sr:competitor:90664,"Kalinina, Anhelina",Ukraine,UKR,KAL,female,2013.0,right,25.0,100.0,70.0,179.0,1997-02-07,5.2023,6.2024,,,Yonex,
sr:competitor:51293,"Svitolina, Elina",Ukraine,UKR,SVI,female,2010.0,right,3.0,108.0,60.0,174.0,1994-09-12,9.2017,5.2015,Paka ? Adidas,Nike ? Adidas,Wilson,
sr:competitor:217912,"Andreescu, Bianca",Canada,CAN,AND,female,2017.0,right,4.0,147.0,60.0,170.0,2000-06-16,10.2019,7.2018,Nike,Nike,Head,
sr:competitor:65950,"Sakkari, Maria",Greece,GRC,SAK,female,2015.0,right,3.0,169.0,62.0,172.0,1995-07-25,3.2022,9.2019,Adidas,Adidas,Wilson,
sr:competitor:53789,"Dart, Harriet",Great Britain,GBR,DAR,female,2012.0,right,70.0,59.0,58.0,172.0,1996-07-28,9.2024,10.2024,Asics,Asics,Yonex,Vitamin Well | Zales
sr:competitor:65656,"Ferro, Fiona",France,FRA,FER,female,2012.0,right,39.0,257.0,56.0,170.0,1997-03-12,3.2021,5.2021,Lacoste,Nike ? Lacoste,Yonex,Well Job
sr:competitor:225130,"Starodubtseva, Yuliia",Ukraine,UKR,STA,female,,,79.0,144.0,,,2000-02-17,10.2024,5.2024,,,,
sr:competitor:406199,"Jacquemot, Elsa",France,FRA,JAC,female,,right,137.0,325.0,,,2003-05-03,8.2024,9.2022,,,,
sr:competitor:67757,"Pera, Bernarda",USA,USA,PER,female,2009.0,left,27.0,35.0,,175.0,1994-12-03,6.2023,2.2022,Lacoste,Mizuno ? Lacoste,Babolat ? Yonex,
sr:competitor:373354,"Cocciaretto, Elisabetta",Italy,ITA,COC,female,,right,29.0,131.0,,,2001-01-25,8.2023,10.2024,Australian ? EA7,Wilson,Wilson,
sr:competitor:110803,"Minnen, Greet",Belgium,BEL,MIN,female,,right,59.0,45.0,,,1997-08-14,10.2023,1.2024,Lotto,Lotto,Wilson ? Yonex,Hubo
sr:competitor:348760,"Zheng, Qinwen",China,CHN,ZHE,female,,right,5.0,,,,2002-10-08,11.2024,,Nike,Nike,Wilson,Alipay
sr:competitor:19704,"Martic, Petra",Croatia,HRV,MAR,female,2008.0,right,14.0,49.0,63.0,181.0,1991-01-19,1.202,2.2022,J.Lindeberg,Asics,Wilson,
sr:competitor:78551,"Mertens, Elise",Belgium,BEL,MER,female,2013.0,right,12.0,1.0,67.0,179.0,1995-11-17,11.2018,5.2021,Lotto,Lotto,Babolat ? Tecnifibre,Isdin | HubSpot
sr:competitor:192130,"Blinkova, Anna",Neutral,,BLI,female,2015.0,right,34.0,45.0,70.0,179.0,1998-09-10,8.2023,9.202,Lotto,Lotto,Wilson,
sr:competitor:45584,"Zhu, Lin",China,CHN,ZHU,female,2012.0,right,31.0,80.0,64.0,173.0,1994-01-28,9.2023,10.2023,Yonex,Yonex,Yonex,
sr:competitor:549759,"Krueger, Ashlyn",USA,USA,KRU,female,,right,51.0,62.0,,,2004-05-07,9.2024,8.2024,Adidas,Adidas,Wilson,
sr:competitor:19847,"Rus, Arantxa",Netherlands,NLD,RUS,female,2007.0,left,41.0,56.0,65.0,180.0,1990-12-13,8.2023,11.2021,Hydrogen ? About Sports,Asics*,Wilson,
sr:competitor:662273,"Andreeva, Erika",Neutral,,AND,female,,right,65.0,274.0,,,2004-06-24,10.2024,12.2023,Lacoste,Lacoste,Tecnifibre,
sr:competitor:71250,"Frech, Magdalena",Poland,POL,FRE,female,2013.0,right,22.0,174.0,58.0,171.0,1997-12-15,10.2024,8.2022,Bidi Badu,Mizuno,Wilson,TERMOton | sondacrypto
sr:competitor:35424,"Keys, Madison",USA,USA,KEY,female,2009.0,right,7.0,56.0,66.0,178.0,1995-02-17,10.2016,10.2022,Nike,Nike,Wilson,
sr:competitor:871583,"Andreeva, Mirra",Neutral,,AND,female,,right,16.0,64.0,,,2007-04-29,10.2024,10.2024,Nike,Nike,Wilson,
sr:competitor:41877,"Yuan, Yue",China,CHN,YUA,female,,right,36.0,72.0,,,1998-09-25,5.2024,10.2024,Adidas ? Nike,Adidas* ? Nike,Wilson,
sr:competitor:19017,"Azarenka, Victoria",Neutral,,AZA,female,2003.0,right,1.0,7.0,67.0,183.0,1989-07-31,1.2012,7.2008,Nike,Nike,Wilson,
sr:competitor:45545,"Putintseva, Yulia",Kazakhstan,KAZ,PUT,female,2010.0,right,27.0,90.0,59.0,163.0,1995-01-07,2.2017,9.2024,K-Swiss,K-Swiss,Babolat,
sr:competitor:62924,"Boulter, Katie",Great Britain,GBR,BOU,female,2013.0,right,23.0,282.0,68.0,182.0,1996-08-01,11.2024,11.2024,Nike,Nike,Wilson,
sr:competitor:92442,"Fett, Jana",Croatia,HRV,FET,female,2013.0,right,97.0,348.0,65.0,168.0,1996-11-02,10.2017,5.2018,,,,
sr:competitor:91960,"Kenin, Sofia",USA,USA,KEN,female,2017.0,right,4.0,22.0,57.0,170.0,1998-11-14,3.202,10.2024,Fila ? FP Movement,Fila*,Babolat,
sr:competitor:242630,"Osorio, Camila",Colombia,COL,OSO,female,2018.0,right,33.0,167.0,,,2001-12-22,4.2022,9.2024,Lotto ? Adidas,Lotto ? Adidas,Babolat,Colsanitas | Zurich
sr:competitor:48455,"Golubic, Viktorija",Switzerland,CHE,GOL,female,2010.0,right,35.0,61.0,56.0,169.0,1992-10-16,2.2022,4.2023,Asics,Asics,Yonex ? Tecnifibre,Fromm
sr:competitor:133662,"Badosa, Paula",Spain,ESP,BAD,female,2013.0,right,2.0,124.0,70.0,180.0,1997-11-15,4.2022,4.2022,Nike,Nike,Wilson,
sr:competitor:58267,"Radanovic, Dejana",Serbia,SRB,RAD,female,2013.0,right,187.0,398.0,,172.0,1996-05-14,7.2018,6.2021,,,,
sr:competitor:836764,"Lim, Jenny",France,FRA,LIM,female,,right,435.0,470.0,,,2005-01-17,9.2024,10.2024,,,,
sr:competitor:97995,"Galfi, Dalma",Hungary,HUN,GAL,female,2014.0,right,79.0,126.0,68.0,178.0,1998-08-13,9.2022,9.2022,,,,
sr:competitor:245295,"Waltert, Simona",Switzerland,CHE,WAL,female,,right,107.0,180.0,,,2000-12-13,6.2023,3.2022,,,,
sr:competitor:152052,"Bjorklund, Mirjam",Sweden,SWE,BJO,female,,right,123.0,281.0,,,1998-07-29,6.2022,1.2022,,,,
sr:competitor:675189,"Preston, Taylah",Australia,AUS,PRE,female,,right,134.0,251.0,,,2005-10-27,3.2024,11.2024,,,,
sr:competitor:132988,"MA, Yexin",China,CHN,YEX,female,,,177.0,187.0,,,1999-06-10,5.2024,4.2023,,,,
sr:competitor:51473,"Paar, Laura-Ioana",Romania,ROU,PAA,female,,right,190.0,113.0,,173.0,1988-05-31,2.2021,3.202,,,,
sr:competitor:58423,"Stevanovic, Natalija",Serbia,SRB,STE,female,2008.0,right,145.0,152.0,,164.0,1994-07-25,7.2023,5.2024,,,,
sr:competitor:165866,"Miyazaki, Yuriko Lily",Great Britain,GBR,MIY,female,,right,132.0,184.0,,,1995-11-11,7.2024,7.2024,,,,
sr:competitor:273017,"Mandlik, Elizabeth",USA,USA,MAN,female,,right,97.0,187.0,,,2001-05-19,6.2023,11.2022,,,,
sr:competitor:535801,"Schunk, Nastasja",Germany,DEU,SCH,female,,left,143.0,462.0,,,2003-08-17,8.2022,11.2024,,,,
sr:competitor:210716,"Lamens, Suzan",Netherlands,NLD,LAM,female,,right,86.0,183.0,,,1999-07-05,11.2024,5.2023,,,,
sr:competitor:750331,"Iliev, Sarah",France,FRA,ILI,female,,,,,,,2006-10-03,,,,,,
sr:competitor:49171,"Parrizas Diaz, Nuria",Spain,ESP,PAR,female,2008.0,right,45.0,320.0,,,1991-07-15,3.2022,9.2022,,,,
sr:competitor:82609,"Grammatikopoulou, Valentini",Greece,GRC,GRA,female,2012.0,right,143.0,97.0,,164.0,1997-02-09,8.2022,7.2024,,,,
sr:competitor:92879,"Shymanovich, Iryna",Neutral,,SHY,female,,right,154.0,66.0,,,1997-06-30,6.2023,9.2023,,,,
sr:competitor:58053,"Sharma, Astra",Australia,AUS,SHA,female,2011.0,right,84.0,91.0,,178.0,1995-09-11,2.2022,2.2022,Lululemon*,Wilson,Wilson,
sr:competitor:282219,"Sakatsume, Himeno",Japan,JPN,SAK,female,,,164.0,426.0,,,2001-08-03,6.2023,11.2024,,,,
sr:competitor:210558,"Jorge, Francisca",Portugal,PRT,JOR,female,,right,176.0,99.0,,,2000-04-21,7.2024,10.2024,,,,
sr:competitor:160190,"Hartono, Arianne",Netherlands,NLD,HAR,female,,right,135.0,123.0,,,1996-04-21,4.2024,7.2022,,,,
sr:competitor:129534,"Hruncakova, Viktoria",Slovakia,SVK,HRU,female,2014.0,right,43.0,27.0,61.0,180.0,1998-05-11,3.2019,3.2021,,,,
sr:competitor:256547,"Parks, Alycia",USA,USA,PAR,female,,right,40.0,27.0,,,2000-12-31,8.2023,9.2023,Asics ? Wilson,Asics ? Wilson,Yonex ? Wilson,
sr:competitor:287769,"Kessler, McCartney",USA,USA,KES,female,,,63.0,180.0,,,1999-07-08,8.2024,4.2024,,,,
sr:competitor:18977,"Kanepi, Kaia",Estonia,EST,KAN,female,2000.0,right,15.0,106.0,74.0,181.0,1985-06-10,8.2012,6.2011,iCOURT,Asics*,Wilson,
sr:competitor:137932,"Mikulskyte, Justina",Lithuania,LTU,MIK,female,,right,206.0,151.0,,,1996-02-06,9.2024,11.2024,,,,
sr:competitor:110299,"Zidansek, Tamara",Slovenia,SVN,ZID,female,2014.0,right,22.0,47.0,,168.0,1997-12-26,2.2022,1.2023,Joma,Joma,Yonex,
sr:competitor:568715,"Semenistaja, Darja",Latvia,LVA,SEM,female,,left,106.0,127.0,,,2002-09-16,4.2024,10.2024,,,,
sr:competitor:227490,"Tubello, Alice",France,FRA,TUB,female,,,219.0,460.0,,,2001-01-30,8.2024,6.2023,,,,
sr:competitor:105099,"Birrell, Kimberly",Australia,AUS,BIR,female,2014.0,right,100.0,162.0,62.0,170.0,1998-04-29,9.2023,9.2024,,,,
sr:competitor:261583,"Li, Ann",USA,USA,ANN,female,,right,44.0,369.0,,,2000-06-26,1.2022,1.202,Fila,Fila,Dunlop Srixon,Kleenex | Ecobee
sr:competitor:755469,"Todoni, Anca Alexia",Romania,ROU,TOD,female,,,112.0,289.0,,,2004-10-10,11.2024,10.2024,,,,
sr:competitor:83607,"Capurro Taborda, Martina",Argentina,ARG,CAP,female,,left,149.0,380.0,,,1997-12-04,1.2024,11.2023,,,,
sr:competitor:380704,"Snigur, Daria",Ukraine,UKR,SNI,female,,right,105.0,,,,2002-03-27,11.2022,,,,,
sr:competitor:202363,"Sun, Lulu",New Zealand,NZL,SUN,female,,left,39.0,212.0,,,2001-04-14,9.2024,9.2024,,Asics*,Yonex,
sr:competitor:807358,"Rakotomanga Rajaonah, Tiantsoa Sarah",France,FRA,RAK,female,,left,344.0,265.0,,,2005-12-15,11.2024,11.2024,,,,
sr:competitor:155890,"Stefanini, Lucrezia",Italy,ITA,STE,female,,right,99.0,393.0,,,1998-05-15,8.2023,4.2022,,,,
sr:competitor:577513,"Ruzic, Antonia",Croatia,HRV,RUZ,female,,right,143.0,,,,2003-01-20,11.2024,,,,,
sr:competitor:67743,"Gjorcheska, Lina",North Macedonia,MKD,GJO,female,,right,170.0,116.0,,180.0,1994-08-03,6.2017,6.2017,,,,
sr:competitor:517296,"Falei, Aliona",Neutral,,FAL,female,,right,173.0,393.0,,,2004-03-29,5.2024,9.2024,,,,
sr:competitor:52183,"Bara, Irina Maria",Romania,ROU,BARA,female,2011.0,right,104.0,56.0,,164.0,1995-03-18,4.2022,5.2019,,,,
sr:competitor:106341,"Knutson, Gabriela",Czechia,CZE,KNU,female,,right,155.0,270.0,,,1997-04-21,11.2023,4.2023,,,,
sr:competitor:40142,"Ormaechea, Paula",Argentina,ARG,ORM,female,2010.0,right,59.0,188.0,57.0,170.0,1992-09-28,10.2013,7.2013,,,,
sr:competitor:52691,"Zhao, Carol",Canada,CAN,ZHA,female,2016.0,right,131.0,157.0,,168.0,1995-06-20,6.2018,7.2016,,,,
sr:competitor:192108,"Yastremska, Dayana",Ukraine,UKR,YAS,female,2015.0,right,21.0,82.0,63.0,175.0,2000-05-15,1.202,1.202,Yonex,Yonex,Yonex,COFO.live
sr:competitor:467035,"Timofeeva, Maria",Neutral,,TIM,female,2018.0,right,93.0,179.0,,,2003-11-18,4.2024,2.2023,Fourteen,K-Swiss,Wilson,
sr:competitor:36067,"Tsurenko, Lesia",Ukraine,UKR,TSU,female,2007.0,right,23.0,115.0,67.0,174.0,1989-05-30,2.2019,5.2018,Lotto,Lotto,Head,
sr:competitor:51387,"Townsend, Taylor",USA,USA,TOW,female,2012.0,left,46.0,5.0,77.0,170.0,1996-04-16,8.2024,6.2023,,,Yonex,
sr:competitor:66968,"Kudermetova, Veronika",Neutral,,KUD,female,2012.0,right,9.0,2.0,63.0,175.0,1997-04-24,10.2022,6.2022,EA7,EA7,Wilson,
sr:competitor:66476,"Osaka, Naomi",Japan,JPN,OSA,female,2014.0,right,1.0,324.0,69.0,180.0,1997-10-16,1.2019,4.2017,Nike,Nike,Yonex,Workday
sr:competitor:278887,"Kostyuk, Marta",Ukraine,UKR,KOS,female,2018.0,right,16.0,27.0,,171.0,2002-06-28,6.2024,5.2023,Wilson,Nike ? Wilson,Wilson,
sr:competitor:72758,"Cristian, Jaqueline Adina",Romania,ROU,CRI,female,2013.0,right,57.0,168.0,,180.0,1998-06-05,7.2024,2.202,,,,
sr:competitor:42339,"Garcia, Caroline",France,FRA,GAR,female,2011.0,right,4.0,2.0,61.0,177.0,1993-10-16,9.2018,10.2016,Yonex,New Balance*,Yonex,Etam | OneStream
sr:competitor:281189,"Anisimova, Amanda",USA,USA,ANI,female,2016.0,right,21.0,386.0,59.0,180.0,2001-08-31,10.2019,6.2019,Nike,Nike,Wilson,
sr:competitor:588069,"Bai, Zhuoxuan",China,CHN,BAI,female,,,83.0,,,,2002-11-16,3.2024,,Yonex,Yonex,Yonex,
sr:competitor:588071,"Shnaider, Diana",Neutral,,SHN,female,,left,12.0,48.0,,,2004-04-02,11.2024,10.2024,Adidas,Adidas,Yonex,
sr:competitor:329535,"Tauson, Clara",Denmark,DNK,TAU,female,,right,33.0,432.0,,,2002-12-21,2.2022,2.2022,Yonex ? Adidas,Yonex ? Adidas,Yonex,
sr:competitor:153860,"Trevisan, Martina",Italy,ITA,TRE,female,2008.0,left,18.0,138.0,,160.0,1993-11-03,5.2023,6.2021,Diadora,Diadora,Head,Colavita | Acrobatica
sr:competitor:41524,"Krunic, Aleksandra",Serbia,SRB,KA,female,2008.0,right,39.0,35.0,53.0,163.0,1993-03-15,6.2018,9.2019,Mizuno,Mizuno,Babolat,
sr:competitor:69208,"Paolini, Jasmine",Italy,ITA,PAO,female,2011.0,right,4.0,9.0,,160.0,1996-01-04,10.2024,10.2024,Asics,Asics,Yonex,Hotelplanner.com | Nº7
sr:competitor:137962,"Day, Kayla",USA,USA,DAY,female,2016.0,left,84.0,133.0,,173.0,1999-09-28,4.2024,1.2018,Vuori ? ,Nike*,Babolat,
sr:competitor:42289,"Linette, Magda",Poland,POL,LIN,female,2009.0,right,19.0,26.0,59.0,171.0,1992-02-12,3.2023,4.2022,Joma,Joma,Babolat ?  Yonex,Hotelplanner
sr:competitor:152804,"Vondrousova, Marketa",Czechia,CZE,VON,female,2014.0,left,6.0,38.0,59.0,172.0,1999-06-28,9.2023,9.2023,Nike ? J. Lindeberg,Nike,Yonex,Red Bull
sr:competitor:252223,"Rakhimova, Kamilla",Neutral,,RAK,female,,right,61.0,65.0,,,2001-08-28,10.2024,6.2022,Lotto,Lotto,Yonex,
sr:competitor:55401,"Jabeur, Ons",Tunisia,TUN,JAB,female,2010.0,right,2.0,116.0,66.0,167.0,1994-08-28,6.2022,2.202,Lotto ? Kayanee,Lotto ? Asics,Wilson,
sr:competitor:67759,"Alexandrova, Ekaterina",Neutral,,ALE,female,2010.0,right,15.0,58.0,66.0,180.0,1994-11-15,4.2024,9.2022,Fila ? K-Swiss,Fila ? K-Swiss,Wilson,
sr:competitor:63220,"Ponchet, Jessika",France,FRA,PON,female,2011.0,right,104.0,101.0,,,1996-09-26,9.2024,11.2022,,,,
sr:competitor:19546,"Pavlyuchenkova, Anastasia",Neutral,,PAV,female,2005.0,right,11.0,21.0,72.0,177.0,1991-07-03,11.2021,9.2013,Lacoste ? ,Lacoste ? ,Wilson,
sr:competitor:123824,"Dolehide, Caroline",USA,USA,DOL,female,2017.0,right,41.0,9.0,79.0,178.0,1998-09-05,10.2023,8.2024,Asics,Asics,Wilson,
sr:competitor:225046,"Burel, Clara",France,FRA,BUR,female,,right,42.0,246.0,,175.0,2001-03-24,6.2024,5.2022,Adidas,Adidas,Babolat,
sr:competitor:20732,"Pliskova, Karolina",Czechia,CZE,PLI,female,2009.0,right,1.0,11.0,72.0,186.0,1992-03-21,7.2017,10.2016,Fila ? Adidas,Fila ? Adidas,Babolat,
sr:competitor:60392,"Sorribes Tormo, Sara",Spain,ESP,SOR,female,2014.0,right,32.0,17.0,69.0,176.0,1996-10-08,2.2022,5.2024,Joma,Joma,Wilson,Nara | Castellón
sr:competitor:246905,"Gracheva, Varvara",France,FRA,GRA,female,,right,39.0,135.0,,,2000-08-02,1.2024,3.2022,Le Coq Sportif ? Lotto,Nike ? Lotto,Yonex,World of Hyatt | Blue Owl
sr:competitor:401055,"Noskova, Linda",Czechia,CZE,NOS,female,,right,25.0,60.0,,,2004-11-17,8.2024,8.2024,Yonex,Yonex,Yonex,Redo | OK System
sr:competitor:318195,"Parry, Diane",France,FRA,PAR,female,,right,48.0,74.0,,,2002-09-01,10.2024,12.2023,Asics,Asics,Wilson,Renault
sr:competitor:35838,"Begu, Irina-Camelia",Romania,ROU,BEG,female,2009.0,right,22.0,22.0,67.0,181.0,1990-08-26,8.2016,10.2018,Fila,Fila,Babolat,
sr:competitor:99131,"Bucsa, Cristina",Spain,ESP,BUC,female,2015.0,right,56.0,19.0,,,1998-01-01,1.2024,6.2024,,,Wilson ? Yonex,
sr:competitor:41355,"Bogdan, Ana",Romania,ROU,BOG,female,2011.0,right,39.0,148.0,59.0,171.0,1992-11-25,7.2023,7.2019,Nike ? Lacoste,Nike ? Lacoste,Yonex,
sr:competitor:72450,"Hibino, Nao",Japan,JPN,HIB,female,2014.0,right,56.0,43.0,57.0,163.0,1994-11-28,1.2016,7.2017,Le Coq Sportif,Yonex,Yonex,Brass | Radius7
sr:competitor:59702,"Haddad Maia, Beatriz",Brazil,BRA,HAD,female,2012.0,left,10.0,10.0,78.0,185.0,1996-05-30,6.2023,5.2023,Joma ? Asics,Joma ? Asics,Wilson,Itaú | Bauducco
sr:competitor:186312,"Rybakina, Elena",Kazakhstan,KAZ,RYB,female,2016.0,right,3.0,48.0,72.0,184.0,1999-06-17,6.2023,10.2021,Adidas ? Yonex,Adidas ? Yonex,Yonex,Bank RBK | RedBull
sr:competitor:18808,"Cornet, Alize",France,FRA,COR,female,2006.0,right,11.0,59.0,60.0,173.0,1990-01-22,2.2009,3.2011,,,,
sr:competitor:33593,"Mladenovic, Kristina",France,FRA,MLA,female,2009.0,right,10.0,1.0,60.0,184.0,1993-05-14,10.2017,6.2019,Adidas,Adidas,Wilson,
sr:competitor:141892,"Carle, Maria",Argentina,ARG,CAR,female,,right,71.0,124.0,,,2000-02-10,5.2024,11.2024,,,,
sr:competitor:19728,"Cirstea, Sorana",Romania,ROU,CIR,female,2006.0,right,21.0,35.0,59.0,176.0,1990-04-07,8.2013,3.2009,New Balance,New Balance,Yonex,
sr:competitor:366114,"Avanesyan, Elina",Armenia,ARM,AVA,female,,right,43.0,163.0,,,2002-09-17,10.2024,8.2024,Adidas,Adidas,Head,Midea | AMD
sr:competitor:69988,"Korpatsch, Tamara",Germany,DEU,KOR,female,2011.0,right,71.0,289.0,56.0,170.0,1995-05-12,10.2023,11.2024,Nike*,,Yonex,
sr:competitor:360038,"Stearns, Peyton",USA,USA,STE,female,,right,43.0,71.0,,,2001-10-08,9.2023,9.2024,Wilson,Wilson,Wilson,
sr:competitor:19578,"Kerber, Angelique",Germany,DEU,KER,female,2003.0,left,1.0,103.0,68.0,173.0,1988-01-18,9.2016,8.2013,,,,
sr:competitor:157754,"Sabalenka, Aryna",Neutral,,SAB,female,2015.0,right,1.0,1.0,80.0,182.0,1998-05-05,9.2023,2.2021,Nike,Nike,Wilson,
sr:competitor:132370,"Kasatkina, Daria",Neutral,,KAS,female,2014.0,right,8.0,43.0,62.0,170.0,1997-05-07,10.2022,9.2016,Adidas,Adidas,Tecnifibre ? Artengo,
sr:competitor:111189,"Zarazua, Renata",Mexico,MEX,ZAR,female,2014.0,right,59.0,135.0,,160.0,1997-09-30,11.2024,10.2018,,,,
sr:competitor:228418,"Navarro, Emma",USA,USA,NAV,female,,right,8.0,93.0,,,2001-05-18,9.2024,8.2024,Fila,Fila,Yonex,Dove | Red Bull
sr:competitor:75825,"Bektas, Emina",USA,USA,BEK,female,2016.0,right,82.0,78.0,,,1993-03-30,11.2023,7.2022,,,Babolat,
sr:competitor:88310,"Sherif Ahmed Abdelaziz, Maiar",Egypt,EGY,SHE,female,,right,31.0,88.0,,,1996-05-05,6.2023,7.2022,,,,
sr:competitor:46304,"Schmiedlova, Anna-Karolina",Slovakia,SVK,SCH,female,2011.0,right,26.0,213.0,63.0,176.0,1994-09-13,10.2015,6.2015,,,,
sr:competitor:60276,"Podoroska, Nadia",Argentina,ARG,POD,female,2011.0,right,36.0,62.0,60.0,170.0,1997-02-10,7.2021,10.2021,Fila,Fila,Head,
sr:competitor:23158,"Stephens, Sloane",USA,USA,STE,female,2010.0,right,3.0,63.0,61.0,170.0,1993-03-20,7.2018,9.2024,Nike ? FP Movement,New Balance*,Head,Cornerstone | Motorola
